
-- PROYECTO AEROLINEA
-- I N S E R T 


--Llenado de la tabla PILOTOS

INSERT INTO AEROLINEA.PILOTOS VALUES(1044589623,'Jorge','Gonzales',551460,'Carrera 3 # 18- 45','BOGOTA',3112558874,'M','58');
INSERT INTO AEROLINEA.PILOTOS VALUES(1047888745,'Daniel','Ruiz',552461,'Carrera 7 # 84- 72','BUCARAMANGA',3125556982,'M','22');
INSERT INTO AEROLINEA.PILOTOS VALUES(1055623155,'Carlos','Pardo',553462,'Calle 4 No. 5 – 10','MEDELLIN',3125698856,'M','32');
INSERT INTO AEROLINEA.PILOTOS VALUES(1051142367,'Miguel','Toloza',554463,'Calle 11 No. 4 - 14','MEDELLIN',3145874426,'M','34');
INSERT INTO AEROLINEA.PILOTOS VALUES(1065214522,'Jacinto','Perez',555464,'Calle 24 N° 5-60','BOGOTA',3169985712,'M','40');
INSERT INTO AEROLINEA.PILOTOS VALUES(1065587441,'Andres','Dulcey',556465,'Av. Ciudad de Cali No. 6C-09','CALI',3123014587,'M','27');
INSERT INTO AEROLINEA.PILOTOS VALUES(1078854125,'Daniela','Camacho',557466,'Calle 48b sur No. 21-13','BUCARAMANGA',313669852,'F','27');
INSERT INTO AEROLINEA.PILOTOS VALUES(1074412526,'Pablo','Leal',558467,'Avenida Cra. 60 No. 57-60','BUCARAMANGA',3148775123,'M','33');
INSERT INTO AEROLINEA.PILOTOS VALUES(1087745111,'Santiago','Ordoñez',559468,'Calle 11 No. 4-21 / 93','CARTAGENA',3120114587,'M','28');
INSERT INTO AEROLINEA.PILOTOS VALUES(1089965632,'Camilo','Gongora',559169,'Calle 10 No. 5-22','CARTAGENA',3166985233,'M','24');
INSERT INTO AEROLINEA.PILOTOS VALUES(1095412220,'Esteban','Parra',552270,'Carrera 20 No. 37-54','BARRANQUILLA',3147884714,'M','33');
INSERT INTO AEROLINEA.PILOTOS VALUES(1098874521,'Diego','Florez',552471,'Av. Calle 19 N° 2-49 Centro','BUCARAMANGA',3122548877,'M','36');
INSERT INTO AEROLINEA.PILOTOS VALUES(1028874596,'Juan','Sanabria',552472,'Calle 109a N° 17-10 Sede Norte','CALI',3149889632,'M','52');
INSERT INTO AEROLINEA.PILOTOS VALUES(1025447869,'Cristian','Cruz',552573,'Cr.8a # 15-63','CALI',3159968844,'M','44');
INSERT INTO AEROLINEA.PILOTOS VALUES(1014578885,'Marlon','Olaya',552474,'Cr.9 # 74-99','MEDELLIN',3147471263,'M','41');
INSERT INTO AEROLINEA.PILOTOS VALUES(1017714895,'Felipe','Galindo',552775,'Carrera 1 Este No. 17 01','BOGOTA',3166988832,'M','25');
INSERT INTO AEROLINEA.PILOTOS VALUES(1036656985,'Mariana','Sanchez',552876,'Cr.6 # 17-12','BOGOTA',3178488874,'F','20');
INSERT INTO AEROLINEA.PILOTOS VALUES(1036651447,'Nicolas','Rey',552977,'Carrera 7 Calle 26','BARRANQUILLA',3101445879,'M','30');

--Llenado de la tabla AVIONES

INSERT INTO AEROLINEA.AVIONES VALUES ('HK-265','RJ100','British Aerospace','1');
INSERT INTO AEROLINEA.AVIONES VALUES ('HK-336','RJ85','British Aerospace','4');
INSERT INTO AEROLINEA.AVIONES VALUES ('HK-589','CRJ1000','Bombardier','1');
INSERT INTO AEROLINEA.AVIONES VALUES ('HK-993','CRJ100ER','Bombardier','2');
INSERT INTO AEROLINEA.AVIONES VALUES ('HK-456','CRJ200LR','Bombardier','1');
INSERT INTO AEROLINEA.AVIONES VALUES ('HK-987','170-100LR','Embraer','3');
INSERT INTO AEROLINEA.AVIONES VALUES ('HK-312','175-200AR','Embraer','2');
INSERT INTO AEROLINEA.AVIONES VALUES ('HK-426','190-100ST','Embraer','2');
INSERT INTO AEROLINEA.AVIONES VALUES ('HK-153','Fokker 100','Fokker','2');
INSERT INTO AEROLINEA.AVIONES VALUES ('HK-957','Fokker 70','Fokker','1');
INSERT INTO AEROLINEA.AVIONES VALUES ('HK-753','Airbus A318','Airbus','1');
INSERT INTO AEROLINEA.AVIONES VALUES ('HK-951','Boeing 717-200','Boeing','1');
INSERT INTO AEROLINEA.AVIONES VALUES ('HK-157','Boeing 737-600ER','Boeing','1');
INSERT INTO AEROLINEA.AVIONES VALUES ('HK-359','Boeing 737-900ER','Boeing','1');
INSERT INTO AEROLINEA.AVIONES VALUES ('HK-668','Boeing 737-400','Boeing','2');
INSERT INTO AEROLINEA.AVIONES VALUES ('HK-781','Boeing 757-200','Boeing','1');
INSERT INTO AEROLINEA.AVIONES VALUES ('HK-888','CS100','Bombardier','3');
INSERT INTO AEROLINEA.AVIONES VALUES ('HK-001','CS300','Bombardier','1');
INSERT INTO AEROLINEA.AVIONES VALUES ('HK-107','Boeing 737-200','Boeing','1');
INSERT INTO AEROLINEA.AVIONES VALUES ('HK-171','CS300','Bombardier','4');
INSERT INTO AEROLINEA.AVIONES VALUES ('HK-244','Airbus A318','Airbus','2');
INSERT INTO AEROLINEA.AVIONES VALUES ('HK-174','CRJ200LR','Bombardier','1');
INSERT INTO AEROLINEA.AVIONES VALUES ('HK-176','RJ85','British Aerospace','2');
INSERT INTO AEROLINEA.AVIONES VALUES ('HK-017','Boeing 717-200','Boeing','1');
INSERT INTO AEROLINEA.AVIONES VALUES ('HK-037','Fokker 100','Fokker','1');



--Llenado de la tabla AEROPUERTOS

INSERT INTO AEROLINEA.AEROPUERTOS VALUES (1,'AEROPUERTO INTERNACIONAL EL DORADO','BOGOTA');
INSERT INTO AEROLINEA.AEROPUERTOS VALUES (2,'AEROPUERTO INTERNACIONAL PALONEGRO','BUCARAMANGA');
INSERT INTO AEROLINEA.AEROPUERTOS VALUES (3,'AEROPUERTO INTERNACIONAL ERNESTO CORTISSOZ','BARRANQUILLA');
INSERT INTO AEROLINEA.AEROPUERTOS VALUES (4,'AEROPUERTO INTERNACIONAL JOSE MARIA CORDOVA','MEDELLIN');

--Llenado de la tabla VUELOS

INSERT INTO AEROLINEA.VUELOS VALUES(1,1,'BOGOTA','MEDELLIN','Fokker 100','2020-04-17 08:00:00','2020-04-17 08:54:00','HK-037');
INSERT INTO AEROLINEA.VUELOS VALUES(2,1,'BOGOTA','BARRANQUILLA','Boeing 717-200','2020-04-24 09:30:00','2020-04-24 10:15:00','HK-017');
INSERT INTO AEROLINEA.VUELOS VALUES(3,1,'BOGOTA','BUCARAMANGA','RJ85','2020-04-17 08:00:00','2020-04-17 08:32:00','HK-176');
INSERT INTO AEROLINEA.VUELOS VALUES(4,2,'BUCARAMANGA','MEDELLIN','CRJ200LR','2020-04-17 09:00:00','2020-04-17 09:30:00','HK-174');
INSERT INTO AEROLINEA.VUELOS VALUES(5,2,'BUCARAMANGA','BARRANQUILLA','Airbus A318','2020-04-17 09:40:00','2020-04-17 10:10:00','HK-244');
INSERT INTO AEROLINEA.VUELOS VALUES(6,2,'BUCARAMANGA','BOGOTA','CS300','2020-04-24 09:10:00','2020-04-24 09:55:00','HK-171');
INSERT INTO AEROLINEA.VUELOS VALUES(7,3,'BARRANQUILLA','MEDELLIN','Boeing 737-200','2020-04-24 12:00:00','2020-04-24 13:00:00','HK-107');
INSERT INTO AEROLINEA.VUELOS VALUES(8,3,'BARRANQUILLA','BUCARAMANGA','CS300','2020-04-24 12:00:00','2020-04-24 12:45:00','HK-001');
INSERT INTO AEROLINEA.VUELOS VALUES(9,3,'BARRANQUILLA','BOGOTA','Boeing 737-900ER','2020-04-17 13:00:00','2020-04-17 13:20:00','HK-359');
INSERT INTO AEROLINEA.VUELOS VALUES(10,4,'MEDELLIN','BARRANQUILLA','Boeing 717-200','2020-04-17 14:20:00','2020-04-17 15:05:00','HK-951');
INSERT INTO AEROLINEA.VUELOS VALUES(11,4,'MEDELLIN','BUCARAMANGA','Boeing 737-400','2020-04-17 16:40:00','2020-04-17 17:17:00','HK-668');
INSERT INTO AEROLINEA.VUELOS VALUES(12,4,'MEDELLIN','BOGOTA','Boeing 737-600ER','2020-04-17 17:00:00','2020-04-17 17:58:00','HK-157');

-- Llenado de la tabla PRECIO_VUELOS

INSERT INTO AEROLINEA.PRECIO_VUELOS VALUES(250.000,1);
INSERT INTO AEROLINEA.PRECIO_VUELOS VALUES(218.000,2);
INSERT INTO AEROLINEA.PRECIO_VUELOS VALUES(230.000,3);
INSERT INTO AEROLINEA.PRECIO_VUELOS VALUES(290.000,4);
INSERT INTO AEROLINEA.PRECIO_VUELOS VALUES(240.000,5);
INSERT INTO AEROLINEA.PRECIO_VUELOS VALUES(270.000,6);
INSERT INTO AEROLINEA.PRECIO_VUELOS VALUES(220.000,7);
INSERT INTO AEROLINEA.PRECIO_VUELOS VALUES(250.000,8);
INSERT INTO AEROLINEA.PRECIO_VUELOS VALUES(217.000,9);
INSERT INTO AEROLINEA.PRECIO_VUELOS VALUES(280.000,10);
INSERT INTO AEROLINEA.PRECIO_VUELOS VALUES(210.000,11);
INSERT INTO AEROLINEA.PRECIO_VUELOS VALUES(260.000,12);

--Llenado de la tabla RESERVAS

INSERT INTO AEROLINEA.RESERVAS VALUES(1,20,1,'VIGENTE','2020-04-17','TURISTA');
INSERT INTO AEROLINEA.RESERVAS VALUES(2,33,2,'VIGENTE','2020-04-17','EJECUTIVO');
INSERT INTO AEROLINEA.RESERVAS VALUES(3,33,3,'VIGENTE','2020-04-17','TURISTA');
INSERT INTO AEROLINEA.RESERVAS VALUES(4,40,4,'VIGENTE','2020-04-24','TURISTA');
INSERT INTO AEROLINEA.RESERVAS VALUES(5,62,5,'VIGENTE','2020-04-24','TURISTA');
INSERT INTO AEROLINEA.RESERVAS VALUES(6,2,6,'VIGENTE','2020-04-24','EJECUTIVO');
INSERT INTO AEROLINEA.RESERVAS VALUES(7,2,7,'VIGENTE','2020-04-24','TURISTA');
INSERT INTO AEROLINEA.RESERVAS VALUES(8,3,8,'VIGENTE','2020-04-24','TURISTA');
INSERT INTO AEROLINEA.RESERVAS VALUES(9,17,9,'VIGENTE','2020-05-12','TURISTA');
INSERT INTO AEROLINEA.RESERVAS VALUES(10,16,10,'VIGENTE','2020-05-12','EJECUTIVO');
INSERT INTO AEROLINEA.RESERVAS VALUES(11,17,11,'VIGENTE','2020-05-12','TURISTA');
INSERT INTO AEROLINEA.RESERVAS VALUES(12,17,12,'VIGENTE','2020-05-23','TURISTA');
INSERT INTO AEROLINEA.RESERVAS VALUES(13,25,13,'VIGENTE','2020-05-23','EJECUTIVO');
INSERT INTO AEROLINEA.RESERVAS VALUES(14,24,14,'VIGENTE','2020-05-23','TURISTA');
INSERT INTO AEROLINEA.RESERVAS VALUES(15,10,15,'VIGENTE','2020-07-11','TURISTA');
INSERT INTO AEROLINEA.RESERVAS VALUES(16,17,16,'VIGENTE','2020-07-11','TURISTA');
INSERT INTO AEROLINEA.RESERVAS VALUES(17,17,17,'VIGENTE','2020-07-11','TURISTA');
INSERT INTO AEROLINEA.RESERVAS VALUES(18,17,18,'VIGENTE','2020-07-11','TURISTA');
INSERT INTO AEROLINEA.RESERVAS VALUES(19,55,19,'VIGENTE','2020-08-10','EJECUTIVO');
INSERT INTO AEROLINEA.RESERVAS VALUES(20,26,20,'VIGENTE','2020-08-10','TURISTA');
INSERT INTO AEROLINEA.RESERVAS VALUES(21,29,21,'VIGENTE','2020-08-15','TURISTA');
INSERT INTO AEROLINEA.RESERVAS VALUES(22,29,22,'VIGENTE','2020-08-15','TURISTA');
INSERT INTO AEROLINEA.RESERVAS VALUES(23,27,23,'VIGENTE','2020-08-17','TURISTA');
INSERT INTO AEROLINEA.RESERVAS VALUES(24,27,24,'VIGENTE','2020-08-24','EJECUTIVO');
INSERT INTO AEROLINEA.RESERVAS VALUES(25,51,25,'VIGENTE','2020-08-24','TURISTA');
INSERT INTO AEROLINEA.RESERVAS VALUES(26,43,26,'VIGENTE','2020-09-12','TURISTA');
INSERT INTO AEROLINEA.RESERVAS VALUES(27,33,27,'VIGENTE','2020-09-15','TURISTA');
INSERT INTO AEROLINEA.RESERVAS VALUES(28,37,28,'VIGENTE','2020-09-17','EJECUTIVO');
INSERT INTO AEROLINEA.RESERVAS VALUES(29,34,29,'VIGENTE','2020-09-17','EJECUTIVO');
INSERT INTO AEROLINEA.RESERVAS VALUES(30,36,30,'VIGENTE','2020-10-05','EJECUTIVO');
INSERT INTO AEROLINEA.RESERVAS VALUES(31,5,31,'VIGENTE','2020-10-05','TURISTA');
INSERT INTO AEROLINEA.RESERVAS VALUES(32,4,32,'VIGENTE','2020-10-05','TURISTA');
INSERT INTO AEROLINEA.RESERVAS VALUES(33,3,33,'VIGENTE','2020-10-13','TURISTA');
INSERT INTO AEROLINEA.RESERVAS VALUES(34,2,34,'VIGENTE','2020-10-13','TURISTA');
INSERT INTO AEROLINEA.RESERVAS VALUES(35,1,35,'VIGENTE','2020-10-17','EJECUTIVO');
INSERT INTO AEROLINEA.RESERVAS VALUES(36,2,36,'VIGENTE','2020-10-19','TURISTA');
INSERT INTO AEROLINEA.RESERVAS VALUES(37,3,37,'VIGENTE','2020-10-27','TURISTA');
INSERT INTO AEROLINEA.RESERVAS VALUES(38,4,38,'VIGENTE','2020-10-27','TURISTA');
INSERT INTO AEROLINEA.RESERVAS VALUES(39,14,39,'VIGENTE','2020-11-02','TURISTA');
INSERT INTO AEROLINEA.RESERVAS VALUES(40,15,40,'VIGENTE','2020-11-02','TURISTA');
INSERT INTO AEROLINEA.RESERVAS VALUES(41,16,41,'VIGENTE','2020-11-09','TURISTA');
INSERT INTO AEROLINEA.RESERVAS VALUES(42,17,44,'VIGENTE','2020-11-09','TURISTA');
INSERT INTO AEROLINEA.RESERVAS VALUES(43,17,45,'VIGENTE','2020-11-09','TURISTA');
INSERT INTO AEROLINEA.RESERVAS VALUES(44,17,46,'VIGENTE','2020-11-17','EJECUTIVO');
INSERT INTO AEROLINEA.RESERVAS VALUES(45,17,47,'VIGENTE','2020-11-17','TURISTA');
INSERT INTO AEROLINEA.RESERVAS VALUES(46,17,48,'VIGENTE','2020-11-17','TURISTA');
INSERT INTO AEROLINEA.RESERVAS VALUES(47,17,49,'VIGENTE','2020-11-28','TURISTA');
INSERT INTO AEROLINEA.RESERVAS VALUES(48,17,50,'VIGENTE','2020-11-28','EJECUTIVO');
INSERT INTO AEROLINEA.RESERVAS VALUES(49,17,1,'VIGENTE','2020-12-30','TURISTA');
INSERT INTO AEROLINEA.RESERVAS VALUES(50,17,2,'VIGENTE','2020-12-30','EJECUTIVO');

-- Llenado de la tabla PAGOS

INSERT INTO AEROLINEA.PAGOS VALUES (1,'COMPLETADO','2020-04-03','230.000');
INSERT INTO AEROLINEA.PAGOS VALUES (2,'PENDIENTE', NULL,'230.000');
INSERT INTO AEROLINEA.PAGOS VALUES (3,'COMPLETADO','2020-04-03', '230.000');
INSERT INTO AEROLINEA.PAGOS VALUES (4,'PENDIENTE',NULL,'240.000');
INSERT INTO AEROLINEA.PAGOS VALUES (5,'COMPLETADO','2020-04-03', '240.000');
INSERT INTO AEROLINEA.PAGOS VALUES (6,'COMPLETADO','2020-04-03', '240.000');
INSERT INTO AEROLINEA.PAGOS VALUES (7,'PENDIENTE',NULL,'250.000');
INSERT INTO AEROLINEA.PAGOS VALUES (8,'COMPLETADO','2020-04-03', '250.000');
INSERT INTO AEROLINEA.PAGOS VALUES (9,'COMPLETADO','2020-04-03', '250.000');
INSERT INTO AEROLINEA.PAGOS VALUES (10,'COMPLETADO','2020-04-03', '240.000');
INSERT INTO AEROLINEA.PAGOS VALUES (11,'COMPLETADO','2020-04-03', '240.000');
INSERT INTO AEROLINEA.PAGOS VALUES (12,'PENDIENTE',NULL,'240.000');
INSERT INTO AEROLINEA.PAGOS VALUES (13,'COMPLETADO','2020-04-03', '230.000');
INSERT INTO AEROLINEA.PAGOS VALUES (14,'PENDIENTE',NULL,'230.000');
INSERT INTO AEROLINEA.PAGOS VALUES (15,'PENDIENTE',NULL,'230.000');
INSERT INTO AEROLINEA.PAGOS VALUES (16,'PENDIENTE',NULL,'217.000');
INSERT INTO AEROLINEA.PAGOS VALUES (17,'COMPLETADO','2020-04-03', '230.000');
INSERT INTO AEROLINEA.PAGOS VALUES (18,'COMPLETADO','2020-04-03', '240.000');
INSERT INTO AEROLINEA.PAGOS VALUES (19,'COMPLETADO','2020-04-03', '230.000');
INSERT INTO AEROLINEA.PAGOS VALUES (20,'PENDIENTE',NULL,'250.000');
INSERT INTO AEROLINEA.PAGOS VALUES (21,'COMPLETADO','2020-04-03', '250.000');
INSERT INTO AEROLINEA.PAGOS VALUES (22,'COMPLETADO','2020-04-03', '240.000');
INSERT INTO AEROLINEA.PAGOS VALUES (23,'COMPLETADO','2020-04-03', '230.000');
INSERT INTO AEROLINEA.PAGOS VALUES (24,'COMPLETADO','2020-04-03', '250.000');
INSERT INTO AEROLINEA.PAGOS VALUES (25,'PENDIENTE',NULL,'290.000');
INSERT INTO AEROLINEA.PAGOS VALUES (26,'PENDIENTE',NULL,'290.000');
INSERT INTO AEROLINEA.PAGOS VALUES (27,'PENDIENTE',NULL,'290.000');
INSERT INTO AEROLINEA.PAGOS VALUES (28,'PENDIENTE',NULL,'290.000');
INSERT INTO AEROLINEA.PAGOS VALUES (29,'PENDIENTE',NULL,'250.000');
INSERT INTO AEROLINEA.PAGOS VALUES (30,'PENDIENTE',NULL,'250.000');
INSERT INTO AEROLINEA.PAGOS VALUES (31,'COMPLETADO','2020-04-03', '250.000');
INSERT INTO AEROLINEA.PAGOS VALUES (32,'PENDIENTE',NULL,'290.000');
INSERT INTO AEROLINEA.PAGOS VALUES (33,'COMPLETADO','2020-04-03', '290.000');
INSERT INTO AEROLINEA.PAGOS VALUES (34,'COMPLETADO','2020-04-03', '270.000');
INSERT INTO AEROLINEA.PAGOS VALUES (35,'COMPLETADO','2020-04-03', '270.000');
INSERT INTO AEROLINEA.PAGOS VALUES (36,'COMPLETADO','2020-04-03', '260.000');
INSERT INTO AEROLINEA.PAGOS VALUES (37,'COMPLETADO','2020-04-03', '250.000');
INSERT INTO AEROLINEA.PAGOS VALUES (38,'COMPLETADO','2020-04-03', '250.000');
INSERT INTO AEROLINEA.PAGOS VALUES (39,'COMPLETADO','2020-04-03', '217.000');
INSERT INTO AEROLINEA.PAGOS VALUES (40,'COMPLETADO','2020-04-03', '217.000');
INSERT INTO AEROLINEA.PAGOS VALUES (41,'COMPLETADO','2020-04-03', '217.000');
INSERT INTO AEROLINEA.PAGOS VALUES (42,'COMPLETADO','2020-04-03', '290.000');
INSERT INTO AEROLINEA.PAGOS VALUES (43,'PENDIENTE',NULL,'270.000');
INSERT INTO AEROLINEA.PAGOS VALUES (44,'PENDIENTE',NULL,'260.000');
INSERT INTO AEROLINEA.PAGOS VALUES (45,'PENDIENTE',NULL,'250.000');
INSERT INTO AEROLINEA.PAGOS VALUES (46,'COMPLETADO','2020-04-03', '260.000');
INSERT INTO AEROLINEA.PAGOS VALUES (47,'PENDIENTE',NULL,'260.000');
INSERT INTO AEROLINEA.PAGOS VALUES (48,'PENDIENTE',NULL,'250.000');
INSERT INTO AEROLINEA.PAGOS VALUES (49,'COMPLETADO','2020-04-03', '270.000');
INSERT INTO AEROLINEA.PAGOS VALUES (50,'PENDIENTE',NULL,'260.000');


--Llenado de la tabla VENDEDORES

INSERT INTO AEROLINEA.VENDEDORES VALUES (1,'1056989612','María','Solano','30','F','Calle 39 # 57-11','BUCARAMANGA');
INSERT INTO AEROLINEA.VENDEDORES VALUES (2,'6156989623','Angelica','Acosta','48','F','Carrera 5 # 14-70','BOGOTA');
INSERT INTO AEROLINEA.VENDEDORES VALUES (3,'1256989645','Silvia','Quintero','18','F','Calle 39 # 57-11','BUCARAMANGA');
INSERT INTO AEROLINEA.VENDEDORES VALUES (4,'1356989656','Miguel','Contreras','26','M','Calle 39 # 57-11','BUCARAMANGA');
INSERT INTO AEROLINEA.VENDEDORES VALUES (5 ,'5456989678','Angie','Ruiz','22','F','Calle 39 # 57-11','BUCARAMANGA');
INSERT INTO AEROLINEA.VENDEDORES VALUES (6,'1556989689','Diana','Serrano','54','F','Calle 39 # 57-11','BUCARAMANGA');
INSERT INTO AEROLINEA.VENDEDORES VALUES (7,'1656989615','Marcela','Rueda','60','F','Calle 39 # 57-11','BOGOTA');
INSERT INTO AEROLINEA.VENDEDORES VALUES (8,'4756989652','Lucia','Jimenez','34','F','Calle 39 # 57-11','BUCARAMANGA');
INSERT INTO AEROLINEA.VENDEDORES VALUES (9,'1856989674','Laura','Jaimes','32','F','Calle 39 # 57-11','BUCARAMANGA');
INSERT INTO AEROLINEA.VENDEDORES VALUES (10,'1956989647','Mario','Manrique','29','M','Calle 39 # 57-11','BUCARAMANGA');
INSERT INTO AEROLINEA.VENDEDORES VALUES (11,'2056989620','Gabriel','Millan','21','M','Calle 39 # 57-11','BOGOTA');
INSERT INTO AEROLINEA.VENDEDORES VALUES (12,'2156989601','Sebastian','Gallardo','19','M','Calle 39 # 57-11','BUCARAMANGA');
INSERT INTO AEROLINEA.VENDEDORES VALUES (13,'98563254','Jose','Linares','58','M','Calle 40 # 57-11','MANIZALES');
INSERT INTO AEROLINEA.VENDEDORES VALUES (14,'33659863','Gustavo','Andino','25','M','Calle 41 # 57-11','MANIZALES');
INSERT INTO AEROLINEA.VENDEDORES VALUES (15,'96526655','Maria','Rivera','35','F','Calle 42 # 57-11','BARRANQUILLA');
INSERT INTO AEROLINEA.VENDEDORES VALUES (16,'33223322','Jesus','Villalta','85','F','Calle 43 # 57-11','TUNJA');
INSERT INTO AEROLINEA.VENDEDORES VALUES (17,'96999985','David','Medina','45','M','Calle 44 # 57-11','CARTAGENA');
INSERT INTO AEROLINEA.VENDEDORES VALUES (18,'98578596','Martha','Salgado','40','F','Calle 45 # 57-12','ARAUCA');
INSERT INTO AEROLINEA.VENDEDORES VALUES (19,'33256988','Fanny','Lopez','23','F','Calle 46 # 57-12','MANIZALES');
INSERT INTO AEROLINEA.VENDEDORES VALUES (20,'96528899','Jimena','Maradiaga','53','F','Calle 47 # 57-12','TUNJA');
INSERT INTO AEROLINEA.VENDEDORES VALUES (21,'99885599','Ermelindo','Padilla','36','M','Calle 57 # 57-12','LETICIA');
INSERT INTO AEROLINEA.VENDEDORES VALUES (22,'96200012','Aleman','Pineda','23','M','Calle 57 # 57-145','TUNJA');
INSERT INTO AEROLINEA.VENDEDORES VALUES (23,'96256310','Marco','Peralta','15','M','Carrera 57 # 57-145','CARTAGENA');
INSERT INTO AEROLINEA.VENDEDORES VALUES (24,'96525566','Claudia','Zoriano','69','F','Carrera 57 # 44-145','CALI');
INSERT INTO AEROLINEA.VENDEDORES VALUES (25,'98784414','Camila','Zepeda','63','F','Carrera 54 # 44-145','CALI');
INSERT INTO AEROLINEA.VENDEDORES VALUES (26,'99632000','Alejandra','Coello','19','F','Carrera 54 # 44-185','CARTAGENA');
INSERT INTO AEROLINEA.VENDEDORES VALUES (27,'96524488','Fernando','Lanza','65','M','Carrera 6 # 44-185','BARRANQUILLA');
INSERT INTO AEROLINEA.VENDEDORES VALUES (28,'33225566','Oneyda','Medina','52','F','Carrera 7 # 44-185','NEIVA');
INSERT INTO AEROLINEA.VENDEDORES VALUES (29,'96589012','Patricia','Rivera','63','F','Carrera 8 # 44-185','SANTA MARTA');
INSERT INTO AEROLINEA.VENDEDORES VALUES (30,'96336699','Max','Galeano','36','M','Carrera 9 # 44-185','SANTA MARTA');
INSERT INTO AEROLINEA.VENDEDORES VALUES (31,'33559966','Manuel','Navarro','35','M','Carrera 10 # 44-185','SANTA MARTA');
INSERT INTO AEROLINEA.VENDEDORES VALUES (32,'33226655','Emerita','Hernandez','45','F','Calle 10 # 44-185','TUNJA');
INSERT INTO AEROLINEA.VENDEDORES VALUES (33,'22563985','Astri','Lagos','25','F','Calle 11 # 44-185','PASTO');
INSERT INTO AEROLINEA.VENDEDORES VALUES (34,'96356985','Daniel','Portillo','56','M','Calle 12 # 44-185','SANTA MARTA');
INSERT INTO AEROLINEA.VENDEDORES VALUES (35,'98512365','Vannesa','Osorto','25','F','Calle 13 # 44-185','PASTO');
INSERT INTO AEROLINEA.VENDEDORES VALUES (36,'33225698','Jimi','Rosales','32','M','Calle 13 # 56-69','CUCUTA');
INSERT INTO AEROLINEA.VENDEDORES VALUES (37,'96532145','Jorge','Canizales','21','M','Calle 17 # 56-69','MANIZALES');
INSERT INTO AEROLINEA.VENDEDORES VALUES (38,'98563210','Rosa','Contreras','56','F','Calle 17 # 24-69','NEIVA');
INSERT INTO AEROLINEA.VENDEDORES VALUES (39,'96582365','Elmer','Padilla','23','M','Carrera 69 # 24-17','MEDELLIN');
INSERT INTO AEROLINEA.VENDEDORES VALUES (40,'96523366','Vilma','Cruz','53','F','Carrera 110 # 24-17','MEDELLIN');
INSERT INTO AEROLINEA.VENDEDORES VALUES (41,'33665536','Reynieri','Berrios','25','M','Calle 20 # 24-17','NEIVA');
INSERT INTO AEROLINEA.VENDEDORES VALUES (42,'96356985','Manuel','Gutierres','19','M','Carrera 21 # 158-119','PASTO');
INSERT INTO AEROLINEA.VENDEDORES VALUES (43,'96587458','Santos','Hernandes','36','M','Carrera 22 # 150-119','MEDELLIN');
INSERT INTO AEROLINEA.VENDEDORES VALUES (44,'96587421','Olga','Menguivar','65','F','Carrera 22 # 150 - 4','NEIVA');
INSERT INTO AEROLINEA.VENDEDORES VALUES (45,'96522233','Perla','Lagos','19','F','Carrera 22 # 150 - 4','SANTA MARTA');
INSERT INTO AEROLINEA.VENDEDORES VALUES (46,'96587421','Juan','Garcia','54','M','Calle 22 # 150 - 4','PASTO');
INSERT INTO AEROLINEA.VENDEDORES VALUES (47,'96320011','Cristian','Godoy','22','M','Calle 22 # 98- 4','CUCUTA');
INSERT INTO AEROLINEA.VENDEDORES VALUES (48,'96585555','Raul','Avila','63','M','Carrera 29 # 98- 4','CUCUTA');
INSERT INTO AEROLINEA.VENDEDORES VALUES (49,'33225566','Stefany','Canales','23','F','Carrera 50 # 98- 55','CALI');
INSERT INTO AEROLINEA.VENDEDORES VALUES (50,'22336699','Yaky','Umanzor','22','F','Carrera 51 # 98- 55','NEIVA');
INSERT INTO AEROLINEA.VENDEDORES VALUES (51,'33669985','Melissa','Zavala','36','F','Carrera 52 # 98- 55','CUCUTA');
INSERT INTO AEROLINEA.VENDEDORES VALUES (52,'96552200','Jessi','Galdames','33','F','Carrera 52 # 63- 55','CUCUTA');
INSERT INTO AEROLINEA.VENDEDORES VALUES (53,'33665896','Anguie','Osorio','18','F','Carrera 53 # 63- 55','NEIVA');
INSERT INTO AEROLINEA.VENDEDORES VALUES (54,'33665530','Silvia','Gonzales','33','F','Carrera 54 # 63- 55','YOPAL');
INSERT INTO AEROLINEA.VENDEDORES VALUES (55,'32633542','Andres','Angeles','28','M','Carrera 54 # 41- 55','SANTA MARTA');
INSERT INTO AEROLINEA.VENDEDORES VALUES (56,'96532310','Maria','Ucles','36','F','Carrera 55 # 41- 70','YOPAL');
INSERT INTO AEROLINEA.VENDEDORES VALUES (57,'98704730','Jessica','Velasquez','20','F','Carrera 56 # 41- 70','NEIVA');
INSERT INTO AEROLINEA.VENDEDORES VALUES (58,'33665522','Moises','Caballero','19','M','Carrera 57 # 41- 70','YOPAL');
INSERT INTO AEROLINEA.VENDEDORES VALUES (59,'96589632','Fredy','Salgado','25','M','Carrera 58 # 41- 70','BOGOTA');
INSERT INTO AEROLINEA.VENDEDORES VALUES (60,'33221025','Fabiola','Mendoza','21','F','Calle 58 # 41- 70','BOGOTA');
INSERT INTO AEROLINEA.VENDEDORES VALUES (61,'33226655','Belkis','Berrios','56','F','Calle 8 # 41- 70','BOGOTA');
INSERT INTO AEROLINEA.VENDEDORES VALUES (62,'33445269','Crolina','Ponce','30','F','Calle 200 # 41- 17','BUCARAMANGA');


--Llenado de la tabla CLIENTE


INSERT INTO AEROLINEA.CLIENTES VALUES (1,'Mario','M','Casas',96356985,'mariocasas@gmail.com','LETICIA','AMAZONAS');
INSERT INTO AEROLINEA.CLIENTES VALUES (2,'Sindy','F','Lopez',33658962,'sindylopez@hotmail.com','TUNJA','BOYACA');
INSERT INTO AEROLINEA.CLIENTES VALUES (3,'Nanci','F','Ramirez',33269865,'nanciramirez@gmail.com','NEIVA','HUILA');
INSERT INTO AEROLINEA.CLIENTES VALUES (4,'Alex','M','Medina',96528697,'alexmedina@hotmail.com','ARAUCA','ARAUCA');
INSERT INTO AEROLINEA.CLIENTES VALUES (5,'Katherine','F','Garcia',33201546,'katherinegarcia@hotmail.com','TUNJA','BOYACA');
INSERT INTO AEROLINEA.CLIENTES VALUES (6,'Camila','F','cortes',98969299,'camilacortes@gmail.com','NEIVA','HUILA');
INSERT INTO AEROLINEA.CLIENTES VALUES (7,'Samuel','M','Medina',33447070,'samuelmedina@hotmail.com','CARTAGENA','BOLIVAR');
INSERT INTO AEROLINEA.CLIENTES VALUES (8,'Rosa','F','Alvares',96959897,'rosaalvares@gmail.com','ARAUCA','ARAUCA');
INSERT INTO AEROLINEA.CLIENTES VALUES (9,'Berta','F','Caceres',96352610,'bertacaceres@hotmail.com','NEIVA','HUILA');
INSERT INTO AEROLINEA.CLIENTES VALUES (10,'Adan','M','Medina',97130160,'adanmedina@gmail.com','CALI','VALLE');
INSERT INTO AEROLINEA.CLIENTES VALUES (11,'Brenda','F','Fuentes',96515236,'brendafuentes@hotmail.com','MEDELLIN','ANTIOQUIA');
INSERT INTO AEROLINEA.CLIENTES VALUES (12,'Ana','F','Lagos',96523130,'analagos@gmail.com','MEDELLIN','ANTIOQUIA');
INSERT INTO AEROLINEA.CLIENTES VALUES (13,'Junior','M','Lopez',33447856,'juniorlopez@gmail.com','MEDELLIN','ANTIOQUIA');
INSERT INTO AEROLINEA.CLIENTES VALUES (14,'Frank','M','Gomez',96447875,'frankgomez@gmail.com','CALI','VALLE');
INSERT INTO AEROLINEA.CLIENTES VALUES (15,'Daniela','F','Gonzalez',33698523,'danielagonzales@gmail.com','TUNJA','BOYACA');
INSERT INTO AEROLINEA.CLIENTES VALUES (16,'Suyapa','F','Rivera',96523610,'suyaparivera@hotmail.com','PASTO','NARIÑO');
INSERT INTO AEROLINEA.CLIENTES VALUES (17,'Maria','F','Portillo',98517305,'mariaportillo@hotmail.com','PASTO','NARIÑO');
INSERT INTO AEROLINEA.CLIENTES VALUES (18,'Viviana','F','Gomez',96215479,'vivianagomez@hotmail.com','LETICIA','AMAZONAS');
INSERT INTO AEROLINEA.CLIENTES VALUES (19,'Luis','M','Cruz',33445696,'luiscruz@hotmail.com','BOGOTA','CUNDINAMARCA');
INSERT INTO AEROLINEA.CLIENTES VALUES (20,'Jose','M','Rivera',98563214,'joserivera@hotmail.com','BOGOTA','CUNDINAMARCA');
INSERT INTO AEROLINEA.CLIENTES VALUES (21,'Celeste','F','Medina',31706730,'celestemedina@gmail.com','BOGOTA','CUNDINAMARCA');
INSERT INTO AEROLINEA.CLIENTES VALUES (22,'Alejandro','M','Fuentes',99478563,'alejandrofuentes@hotmail.com','YOPAL','CASANARE');
INSERT INTO AEROLINEA.CLIENTES VALUES (23,'Roger','M','Cruz',31758962,'rogercruz@hotmail.com','CARTAGENA','BOLIVAR');
INSERT INTO AEROLINEA.CLIENTES VALUES (24,'Fernado','M','Alvarez',97301258,'fernandoalvarez@hotmail.com','CARTAGENA','BOLIVAR');
INSERT INTO AEROLINEA.CLIENTES VALUES (25,'Melvin','M','Alvarez',99856623,'melvinalvarez@gmail.com','BUCARAMANGA','SANTANDER');
INSERT INTO AEROLINEA.CLIENTES VALUES (26,'Marco','M','Sanauria',33259687,'marcosanauria@hotmail.com','CUCUTA','NORTE DE SANTANDER');
INSERT INTO AEROLINEA.CLIENTES VALUES (27,'Isabel','F','Manzanares',31758695,'isabelmanzanares@gmail.com','BUCARAMANGA','SANTANDER');
INSERT INTO AEROLINEA.CLIENTES VALUES (28,'Katy','F','Andrade',98757544,'katyandrade@gmail.com','CUCUTA','NORTE DE SANTANDER');
INSERT INTO AEROLINEA.CLIENTES VALUES (29,'Josue','M','Padilla',33698523,'josuepadilla@gmail.com','CUCUTA','NORTE DE SANTANDER');
INSERT INTO AEROLINEA.CLIENTES VALUES (30,'Nicol','F','Figueroa',99586321,'nicolfigueroa@hotmail.com','CUCUTA','NORTE DE SANTANDER');
INSERT INTO AEROLINEA.CLIENTES VALUES (31,'Evenor','F','Reyes',95969999,'evenorreyes@gmail.com','PASTO','NARIÑO');
INSERT INTO AEROLINEA.CLIENTES VALUES (32,'Danna','F','Lopez',99029998,'dannalopez@hotmail.com','PASTO','NARIÑO');
INSERT INTO AEROLINEA.CLIENTES VALUES (33,'Alma','F','Garcia',96859656,'almagarcia@hotmail.com','MEDELLIN','ANTIOQUIA');
INSERT INTO AEROLINEA.CLIENTES VALUES (34,'Fredy','M','Rivera',33256985,'fredyrivera@hotmail.com','MEDELLIN','ANTIOQUIA');
INSERT INTO AEROLINEA.CLIENTES VALUES (35,'Daniela','F','Rivera',96589658,'danielarivera@gmail.com','PASTO','NARIÑO');
INSERT INTO AEROLINEA.CLIENTES VALUES (36,'Genesis','F','Ferrera',89408962,'genesisferrera@hotmail.com','BOGOTA','CUNDINAMARCA');
INSERT INTO AEROLINEA.CLIENTES VALUES (37,'Andrea','F','Castro',96320122,'andreacastro@gmail.com','BOGOTA','CUNDINAMARCA');
INSERT INTO AEROLINEA.CLIENTES VALUES (38,'Daniela','F','Zuniga',33259687,'danielazuñiga@hotmail.com','BOGOTA','CUNDINAMARCA');
INSERT INTO AEROLINEA.CLIENTES VALUES (39,'Elena','F','Zelaya',96996632,'elenazelaya@gmail.com','BOGOTA','CUNDINAMARCA');
INSERT INTO AEROLINEA.CLIENTES VALUES (40,'Mileny','F','Flores',96555566,'milenyflores@gmail.com','BUCARAMANGA','SANTANDER');
INSERT INTO AEROLINEA.CLIENTES VALUES (41,'Nicol','F','Zelaya',22382035,'nicolzelaya@gmail.com','YOPAL','CASANARE');
INSERT INTO AEROLINEA.CLIENTES VALUES (42,'Jorge','M','Amaya',22369568,'jorgeamaya@gmail.com','YOPAL','CASANARE');
INSERT INTO AEROLINEA.CLIENTES VALUES (43,'Maria','F','Gonzales',33695236,'mariagonzales@hotmail.com','LETICIA','AMAZONAS');
INSERT INTO AEROLINEA.CLIENTES VALUES (44,'Alex','M','Medina',31452635,'alexmedina@hotmail.com','LETICIA','AMAZONAS');
INSERT INTO AEROLINEA.CLIENTES VALUES (45,'Dulce','F','Mejia',98034730,'dulcemejia@hotmail.com','YOPAL','CASANARE');
INSERT INTO AEROLINEA.CLIENTES VALUES (46,'Marina','F','Mondragon',96663322,'marinamondragon@gmail.com','BARRANQUILLA','ATLANTICO');
INSERT INTO AEROLINEA.CLIENTES VALUES (47,'Rebeca','F','Lopez',95999998,'rebecalopez@hotmail.com','BARRANQUILLA','ATLANTICO');
INSERT INTO AEROLINEA.CLIENTES VALUES (48,'Cindy','F','Flores',22365896,'cindyflores@gmail.com','PASTO','NARIÑO');
INSERT INTO AEROLINEA.CLIENTES VALUES (49,'Evelyn','F','Morazan',22383832,'evelynmorazan@hotmail.com','CARTAGENA','BOLIVAR');
INSERT INTO AEROLINEA.CLIENTES VALUES (50,'Mario','M','Canizales',22536985,'mariocanizales@hotmail.com','BARRANQUILLA','ATLANTICO');

-- Llenado de la tabla AVIONES_PILOTOS
INSERT INTO AEROLINEA.AVIONES_PILOTOS VALUES('HK-265',1044589623);
INSERT INTO AEROLINEA.AVIONES_PILOTOS VALUES('HK-336',1047888745);
INSERT INTO AEROLINEA.AVIONES_PILOTOS VALUES('HK-589',1055623155);
INSERT INTO AEROLINEA.AVIONES_PILOTOS VALUES('HK-993',1051142367);
INSERT INTO AEROLINEA.AVIONES_PILOTOS VALUES('HK-456',1065214522);
INSERT INTO AEROLINEA.AVIONES_PILOTOS VALUES('HK-987',1065587441);
INSERT INTO AEROLINEA.AVIONES_PILOTOS VALUES('HK-312',1078854125);
INSERT INTO AEROLINEA.AVIONES_PILOTOS VALUES('HK-426',1074412526);
INSERT INTO AEROLINEA.AVIONES_PILOTOS VALUES('HK-153',1087745111);
INSERT INTO AEROLINEA.AVIONES_PILOTOS VALUES('HK-957',1089965632);
INSERT INTO AEROLINEA.AVIONES_PILOTOS VALUES('HK-753',1095412220);
INSERT INTO AEROLINEA.AVIONES_PILOTOS VALUES('HK-951',1098874521);
INSERT INTO AEROLINEA.AVIONES_PILOTOS VALUES('HK-157',1028874596);
INSERT INTO AEROLINEA.AVIONES_PILOTOS VALUES('HK-359',1025447869);
INSERT INTO AEROLINEA.AVIONES_PILOTOS VALUES('HK-668',1014578885);
INSERT INTO AEROLINEA.AVIONES_PILOTOS VALUES('HK-781',1017714895);
INSERT INTO AEROLINEA.AVIONES_PILOTOS VALUES('HK-888',1036656985);
INSERT INTO AEROLINEA.AVIONES_PILOTOS VALUES('HK-001',1036651447);
INSERT INTO AEROLINEA.AVIONES_PILOTOS VALUES ('HK-107',1044589623);
INSERT INTO AEROLINEA.AVIONES_PILOTOS VALUES ('HK-171',1065587441);
INSERT INTO AEROLINEA.AVIONES_PILOTOS VALUES ('HK-244',1089965632);
INSERT INTO AEROLINEA.AVIONES_PILOTOS VALUES ('HK-174',1047888745);
INSERT INTO AEROLINEA.AVIONES_PILOTOS VALUES ('HK-176',1051142367);
INSERT INTO AEROLINEA.AVIONES_PILOTOS VALUES ('HK-017',1055623155);
INSERT INTO AEROLINEA.AVIONES_PILOTOS VALUES ('HK-037',1098874521);

--Llenado de la tabla RESERVAS_VUELOS

INSERT INTO AEROLINEA.RESERVAS_VUELOS VALUES (1,12);
INSERT INTO AEROLINEA.RESERVAS_VUELOS VALUES (2,12);
INSERT INTO AEROLINEA.RESERVAS_VUELOS VALUES (3,11);
INSERT INTO AEROLINEA.RESERVAS_VUELOS VALUES (4,10);
INSERT INTO AEROLINEA.RESERVAS_VUELOS VALUES (5,11);
INSERT INTO AEROLINEA.RESERVAS_VUELOS VALUES (6,10);
INSERT INTO AEROLINEA.RESERVAS_VUELOS VALUES (7,9);
INSERT INTO AEROLINEA.RESERVAS_VUELOS VALUES (8,9);
INSERT INTO AEROLINEA.RESERVAS_VUELOS VALUES (9,9);
INSERT INTO AEROLINEA.RESERVAS_VUELOS VALUES (10,9);
INSERT INTO AEROLINEA.RESERVAS_VUELOS VALUES (11,9);
INSERT INTO AEROLINEA.RESERVAS_VUELOS VALUES (12,9);
INSERT INTO AEROLINEA.RESERVAS_VUELOS VALUES (13,9);
INSERT INTO AEROLINEA.RESERVAS_VUELOS VALUES (14,9);
INSERT INTO AEROLINEA.RESERVAS_VUELOS VALUES (15,8);
INSERT INTO AEROLINEA.RESERVAS_VUELOS VALUES (16,8);
INSERT INTO AEROLINEA.RESERVAS_VUELOS VALUES (17,8);
INSERT INTO AEROLINEA.RESERVAS_VUELOS VALUES (18,8);
INSERT INTO AEROLINEA.RESERVAS_VUELOS VALUES (19,7);
INSERT INTO AEROLINEA.RESERVAS_VUELOS VALUES (20,7);
INSERT INTO AEROLINEA.RESERVAS_VUELOS VALUES (21,6);
INSERT INTO AEROLINEA.RESERVAS_VUELOS VALUES (22,7);
INSERT INTO AEROLINEA.RESERVAS_VUELOS VALUES (23,6);
INSERT INTO AEROLINEA.RESERVAS_VUELOS VALUES (24,5);
INSERT INTO AEROLINEA.RESERVAS_VUELOS VALUES (25,4);
INSERT INTO AEROLINEA.RESERVAS_VUELOS VALUES (26,3);
INSERT INTO AEROLINEA.RESERVAS_VUELOS VALUES (27,2);
INSERT INTO AEROLINEA.RESERVAS_VUELOS VALUES (28,1);
INSERT INTO AEROLINEA.RESERVAS_VUELOS VALUES (29,1);
INSERT INTO AEROLINEA.RESERVAS_VUELOS VALUES (30,2);
INSERT INTO AEROLINEA.RESERVAS_VUELOS VALUES (31,1);
INSERT INTO AEROLINEA.RESERVAS_VUELOS VALUES (32,3);
INSERT INTO AEROLINEA.RESERVAS_VUELOS VALUES (33,3);
INSERT INTO AEROLINEA.RESERVAS_VUELOS VALUES (34,4);
INSERT INTO AEROLINEA.RESERVAS_VUELOS VALUES (35,5);
INSERT INTO AEROLINEA.RESERVAS_VUELOS VALUES (36,5);
INSERT INTO AEROLINEA.RESERVAS_VUELOS VALUES (37,6);
INSERT INTO AEROLINEA.RESERVAS_VUELOS VALUES (38,6);
INSERT INTO AEROLINEA.RESERVAS_VUELOS VALUES (39,7);
INSERT INTO AEROLINEA.RESERVAS_VUELOS VALUES (40,8);
INSERT INTO AEROLINEA.RESERVAS_VUELOS VALUES (41,8);
INSERT INTO AEROLINEA.RESERVAS_VUELOS VALUES (42,7);
INSERT INTO AEROLINEA.RESERVAS_VUELOS VALUES (43,6);
INSERT INTO AEROLINEA.RESERVAS_VUELOS VALUES (44,11);
INSERT INTO AEROLINEA.RESERVAS_VUELOS VALUES (45,11);
INSERT INTO AEROLINEA.RESERVAS_VUELOS VALUES (46,10);
INSERT INTO AEROLINEA.RESERVAS_VUELOS VALUES (47,10);
INSERT INTO AEROLINEA.RESERVAS_VUELOS VALUES (48,10);
INSERT INTO AEROLINEA.RESERVAS_VUELOS VALUES (49,10);
INSERT INTO AEROLINEA.RESERVAS_VUELOS VALUES (50,11);

-- Llenado de la tabla PAGOS_RESERVAS

INSERT INTO AEROLINEA.PAGOS_RESERVAS VALUES (1,50);
INSERT INTO AEROLINEA.PAGOS_RESERVAS VALUES (2,49);
INSERT INTO AEROLINEA.PAGOS_RESERVAS VALUES (3,48);
INSERT INTO AEROLINEA.PAGOS_RESERVAS VALUES (4,47);
INSERT INTO AEROLINEA.PAGOS_RESERVAS VALUES (5,46);
INSERT INTO AEROLINEA.PAGOS_RESERVAS VALUES (6,45);
INSERT INTO AEROLINEA.PAGOS_RESERVAS VALUES (7,44);
INSERT INTO AEROLINEA.PAGOS_RESERVAS VALUES (8,43);
INSERT INTO AEROLINEA.PAGOS_RESERVAS VALUES (9,42);
INSERT INTO AEROLINEA.PAGOS_RESERVAS VALUES (10,41);
INSERT INTO AEROLINEA.PAGOS_RESERVAS VALUES (11,40);
INSERT INTO AEROLINEA.PAGOS_RESERVAS VALUES (12,39);
INSERT INTO AEROLINEA.PAGOS_RESERVAS VALUES (13,38);
INSERT INTO AEROLINEA.PAGOS_RESERVAS VALUES (14,37);
INSERT INTO AEROLINEA.PAGOS_RESERVAS VALUES (15,36);
INSERT INTO AEROLINEA.PAGOS_RESERVAS VALUES (16,35);
INSERT INTO AEROLINEA.PAGOS_RESERVAS VALUES (17,34);
INSERT INTO AEROLINEA.PAGOS_RESERVAS VALUES (18,33);
INSERT INTO AEROLINEA.PAGOS_RESERVAS VALUES (19,32);
INSERT INTO AEROLINEA.PAGOS_RESERVAS VALUES (20,31);
INSERT INTO AEROLINEA.PAGOS_RESERVAS VALUES (21,30);
INSERT INTO AEROLINEA.PAGOS_RESERVAS VALUES (22,29);
INSERT INTO AEROLINEA.PAGOS_RESERVAS VALUES (23,28);
INSERT INTO AEROLINEA.PAGOS_RESERVAS VALUES (24,27);
INSERT INTO AEROLINEA.PAGOS_RESERVAS VALUES (25,26);
INSERT INTO AEROLINEA.PAGOS_RESERVAS VALUES (26,25);
INSERT INTO AEROLINEA.PAGOS_RESERVAS VALUES (27,24);
INSERT INTO AEROLINEA.PAGOS_RESERVAS VALUES (28,23);
INSERT INTO AEROLINEA.PAGOS_RESERVAS VALUES (29,22);
INSERT INTO AEROLINEA.PAGOS_RESERVAS VALUES (30,21);
INSERT INTO AEROLINEA.PAGOS_RESERVAS VALUES (31,20);
INSERT INTO AEROLINEA.PAGOS_RESERVAS VALUES (32,19);
INSERT INTO AEROLINEA.PAGOS_RESERVAS VALUES (33,18);
INSERT INTO AEROLINEA.PAGOS_RESERVAS VALUES (34,17);
INSERT INTO AEROLINEA.PAGOS_RESERVAS VALUES (35,16);
INSERT INTO AEROLINEA.PAGOS_RESERVAS VALUES (36,15);
INSERT INTO AEROLINEA.PAGOS_RESERVAS VALUES (37,14);
INSERT INTO AEROLINEA.PAGOS_RESERVAS VALUES (38,13);
INSERT INTO AEROLINEA.PAGOS_RESERVAS VALUES (39,12);
INSERT INTO AEROLINEA.PAGOS_RESERVAS VALUES (40,11);
INSERT INTO AEROLINEA.PAGOS_RESERVAS VALUES (41,10);
INSERT INTO AEROLINEA.PAGOS_RESERVAS VALUES (42,9);
INSERT INTO AEROLINEA.PAGOS_RESERVAS VALUES (43,8);
INSERT INTO AEROLINEA.PAGOS_RESERVAS VALUES (44,7);
INSERT INTO AEROLINEA.PAGOS_RESERVAS VALUES (45,6);
INSERT INTO AEROLINEA.PAGOS_RESERVAS VALUES (46,5);
INSERT INTO AEROLINEA.PAGOS_RESERVAS VALUES (47,4);
INSERT INTO AEROLINEA.PAGOS_RESERVAS VALUES (48,3);
INSERT INTO AEROLINEA.PAGOS_RESERVAS VALUES (49,2);
INSERT INTO AEROLINEA.PAGOS_RESERVAS VALUES (50,1);



